{
  "timestamp": "2026-06-18T15:40:18.468040",
  "model_type": "1D CNN Classifier",
  "task": "obesity level classification",
  "test_size": 0.2,
  "final_epoch": 50,
  "metrics": {
    "accuracy": 0.9830508474576272,
    "f1_macro": 0.9830264908792872,
    "f1_weighted": 0.9830264908792872,
    "f1_per_class": {
      "Insufficient_Weight": 0.9747899159663865,
      "Normal_Weight": 0.9482758620689655,
      "Obesity_Type_I": 1.0,
      "Obesity_Type_II": 1.0,
      "Obesity_Type_III": 1.0,
      "Overweight_Level_I": 0.9666666666666667,
      "Overweight_Level_II": 0.9914529914529915
    }
  },
  "training_history": {
    "final_train_loss": 0.06932543963193893,
    "final_val_loss": 0.07401402294635773,
    "final_train_accuracy": 0.9745762944221497,
    "final_val_accuracy": 0.9782082438468933
  }
}