{
  "timestamp": "2026-06-20T04:14:08.511185",
  "model_type": "1D CNN Classifier",
  "task": "obesity level classification",
  "test_size": 0.2,
  "final_epoch": 59,
  "metrics": {
    "accuracy": 0.9830508474576272,
    "f1_macro": 0.983033960470319,
    "f1_weighted": 0.983033960470319,
    "f1_per_class": {
      "Insufficient_Weight": 0.9915966386554622,
      "Normal_Weight": 0.9473684210526315,
      "Obesity_Type_I": 1.0,
      "Obesity_Type_II": 1.0,
      "Obesity_Type_III": 1.0,
      "Overweight_Level_I": 0.9508196721311475,
      "Overweight_Level_II": 0.9914529914529915
    }
  },
  "training_history": {
    "final_train_loss": 0.056124113500118256,
    "final_val_loss": 0.056539058685302734,
    "final_train_accuracy": 0.9757869243621826,
    "final_val_accuracy": 0.9782082438468933
  }
}