{
  "timestamp": "2026-06-17T15:52:29.180071",
  "model_type": "1D CNN Classifier",
  "task": "obesity level classification",
  "test_size": 0.2,
  "final_epoch": 54,
  "metrics": {
    "accuracy": 0.9854721549636803,
    "f1_macro": 0.9854244654457229,
    "f1_weighted": 0.9854244654457229,
    "f1_per_class": {
      "Insufficient_Weight": 0.9752066115702479,
      "Normal_Weight": 0.9565217391304348,
      "Obesity_Type_I": 1.0,
      "Obesity_Type_II": 1.0,
      "Obesity_Type_III": 1.0,
      "Overweight_Level_I": 0.9747899159663865,
      "Overweight_Level_II": 0.9914529914529915
    }
  },
  "training_history": {
    "final_train_loss": 0.056410372257232666,
    "final_val_loss": 0.06427085399627686,
    "final_train_accuracy": 0.9812348484992981,
    "final_val_accuracy": 0.9878934621810913
  }
}