{
  "timestamp": "2026-06-11T04:29:25.232547",
  "model_type": "1D CNN Classifier",
  "task": "obesity level classification",
  "test_size": 0.2,
  "final_epoch": 74,
  "metrics": {
    "accuracy": 0.9830508474576272,
    "f1_macro": 0.9829824283536502,
    "f1_weighted": 0.9829824283536501,
    "f1_per_class": {
      "Insufficient_Weight": 0.9833333333333333,
      "Normal_Weight": 0.9565217391304348,
      "Obesity_Type_I": 0.9915966386554622,
      "Obesity_Type_II": 1.0,
      "Obesity_Type_III": 1.0,
      "Overweight_Level_I": 0.9666666666666667,
      "Overweight_Level_II": 0.9827586206896551
    }
  },
  "training_history": {
    "final_train_loss": 0.056402914226055145,
    "final_val_loss": 0.06832942366600037,
    "final_train_accuracy": 0.9800242185592651,
    "final_val_accuracy": 0.9782082438468933
  }
}