{
  "timestamp": "2026-06-19T05:00:22.767079",
  "model_type": "1D CNN Classifier",
  "task": "obesity level classification",
  "test_size": 0.2,
  "final_epoch": 63,
  "metrics": {
    "accuracy": 0.9830508474576272,
    "f1_macro": 0.9829877279029822,
    "f1_weighted": 0.9829877279029823,
    "f1_per_class": {
      "Insufficient_Weight": 0.9833333333333333,
      "Normal_Weight": 0.9572649572649573,
      "Obesity_Type_I": 1.0,
      "Obesity_Type_II": 1.0,
      "Obesity_Type_III": 1.0,
      "Overweight_Level_I": 0.9572649572649573,
      "Overweight_Level_II": 0.9830508474576272
    }
  },
  "training_history": {
    "final_train_loss": 0.055600471794605255,
    "final_val_loss": 0.07724498957395554,
    "final_train_accuracy": 0.9794188737869263,
    "final_val_accuracy": 0.9782082438468933
  }
}