{
  "timestamp": "2026-06-17T04:48:38.580397",
  "model_type": "1D CNN Classifier",
  "task": "obesity level classification",
  "test_size": 0.2,
  "final_epoch": 50,
  "metrics": {
    "accuracy": 0.9830508474576272,
    "f1_macro": 0.9830064828760859,
    "f1_weighted": 0.9830064828760858,
    "f1_per_class": {
      "Insufficient_Weight": 0.9833333333333333,
      "Normal_Weight": 0.9482758620689655,
      "Obesity_Type_I": 1.0,
      "Obesity_Type_II": 1.0,
      "Obesity_Type_III": 1.0,
      "Overweight_Level_I": 0.957983193277311,
      "Overweight_Level_II": 0.9914529914529915
    }
  },
  "training_history": {
    "final_train_loss": 0.056867148727178574,
    "final_val_loss": 0.07006752490997314,
    "final_train_accuracy": 0.9769975543022156,
    "final_val_accuracy": 0.9830508232116699
  }
}