{
  "timestamp": "2026-05-31T12:29:32.299860",
  "model_type": "1D CNN Classifier",
  "task": "obesity level classification",
  "test_size": 0.2,
  "final_epoch": 45,
  "metrics": {
    "accuracy": 0.9459459459459459,
    "f1_macro": 0.9450276787779421,
    "f1_weighted": 0.9450495456477828,
    "f1_per_class": {
      "Insufficient_Weight": 0.9369369369369369,
      "Normal_Weight": 0.8631578947368421,
      "Obesity_Type_I": 0.9714285714285714,
      "Obesity_Type_II": 1.0,
      "Obesity_Type_III": 1.0,
      "Overweight_Level_I": 0.9090909090909091,
      "Overweight_Level_II": 0.9345794392523364
    }
  },
  "training_history": {
    "final_train_loss": 0.09097785502672195,
    "final_val_loss": 0.1344255805015564,
    "final_train_accuracy": 0.9682002663612366,
    "final_val_accuracy": 0.9513513445854187
  }
}