{
  "timestamp": "2026-06-08T04:44:04.847210",
  "model_type": "1D CNN Classifier",
  "task": "obesity level classification",
  "test_size": 0.2,
  "final_epoch": 49,
  "metrics": {
    "accuracy": 0.9709443099273608,
    "f1_macro": 0.9706920460075521,
    "f1_weighted": 0.970692046007552,
    "f1_per_class": {
      "Insufficient_Weight": 0.959349593495935,
      "Normal_Weight": 0.9285714285714286,
      "Obesity_Type_I": 0.9833333333333333,
      "Obesity_Type_II": 1.0,
      "Obesity_Type_III": 1.0,
      "Overweight_Level_I": 0.9586776859504132,
      "Overweight_Level_II": 0.9649122807017544
    }
  },
  "training_history": {
    "final_train_loss": 0.05176093429327011,
    "final_val_loss": 0.09122566133737564,
    "final_train_accuracy": 0.9824455380439758,
    "final_val_accuracy": 0.9733656048774719
  }
}