{
  "timestamp": "2026-06-21T04:56:30.666001",
  "model_type": "1D CNN Classifier",
  "task": "obesity level classification",
  "test_size": 0.2,
  "final_epoch": 46,
  "metrics": {
    "accuracy": 0.9733656174334141,
    "f1_macro": 0.9730808375542377,
    "f1_weighted": 0.9730808375542377,
    "f1_per_class": {
      "Insufficient_Weight": 0.9516129032258065,
      "Normal_Weight": 0.918918918918919,
      "Obesity_Type_I": 1.0,
      "Obesity_Type_II": 1.0,
      "Obesity_Type_III": 1.0,
      "Overweight_Level_I": 0.957983193277311,
      "Overweight_Level_II": 0.9830508474576272
    }
  },
  "training_history": {
    "final_train_loss": 0.07817883044481277,
    "final_val_loss": 0.07421565800905228,
    "final_train_accuracy": 0.9715496301651001,
    "final_val_accuracy": 0.9757869243621826
  }
}