{
  "timestamp": "2026-06-06T04:01:53.581561",
  "model_type": "1D CNN Classifier",
  "task": "obesity level classification",
  "test_size": 0.2,
  "final_epoch": 49,
  "metrics": {
    "accuracy": 0.9806295399515739,
    "f1_macro": 0.9804836957455557,
    "f1_weighted": 0.9804836957455555,
    "f1_per_class": {
      "Insufficient_Weight": 0.9672131147540983,
      "Normal_Weight": 0.9380530973451328,
      "Obesity_Type_I": 1.0,
      "Obesity_Type_II": 1.0,
      "Obesity_Type_III": 1.0,
      "Overweight_Level_I": 0.9666666666666667,
      "Overweight_Level_II": 0.9914529914529915
    }
  },
  "training_history": {
    "final_train_loss": 0.07523075491189957,
    "final_val_loss": 0.07045760005712509,
    "final_train_accuracy": 0.9709442853927612,
    "final_val_accuracy": 0.9733656048774719
  }
}