{
  "timestamp": "2026-06-22T17:07:47.796246",
  "model_type": "1D CNN Classifier",
  "task": "obesity level classification",
  "test_size": 0.2,
  "final_epoch": 95,
  "metrics": {
    "accuracy": 0.9878934624697336,
    "f1_macro": 0.987890505450633,
    "f1_weighted": 0.987890505450633,
    "f1_per_class": {
      "Insufficient_Weight": 0.9915966386554622,
      "Normal_Weight": 0.9655172413793104,
      "Obesity_Type_I": 1.0,
      "Obesity_Type_II": 1.0,
      "Obesity_Type_III": 1.0,
      "Overweight_Level_I": 0.9666666666666667,
      "Overweight_Level_II": 0.9914529914529915
    }
  },
  "training_history": {
    "final_train_loss": 0.04907485097646713,
    "final_val_loss": 0.05231314152479172,
    "final_train_accuracy": 0.9824455380439758,
    "final_val_accuracy": 0.9878934621810913
  }
}