{
  "timestamp": "2026-06-12T04:42:08.568663",
  "model_type": "1D CNN Classifier",
  "task": "obesity level classification",
  "test_size": 0.2,
  "final_epoch": 62,
  "metrics": {
    "accuracy": 0.9757869249394673,
    "f1_macro": 0.9756727120525351,
    "f1_weighted": 0.9756727120525351,
    "f1_per_class": {
      "Insufficient_Weight": 0.9672131147540983,
      "Normal_Weight": 0.9391304347826087,
      "Obesity_Type_I": 0.9914529914529915,
      "Obesity_Type_II": 0.9915966386554622,
      "Obesity_Type_III": 1.0,
      "Overweight_Level_I": 0.9572649572649573,
      "Overweight_Level_II": 0.9830508474576272
    }
  },
  "training_history": {
    "final_train_loss": 0.0628955066204071,
    "final_val_loss": 0.0595129020512104,
    "final_train_accuracy": 0.9782082438468933,
    "final_val_accuracy": 0.9782082438468933
  }
}