{
  "timestamp": "2026-06-09T15:18:59.498455",
  "model_type": "1D CNN Classifier",
  "task": "obesity level classification",
  "test_size": 0.2,
  "final_epoch": 67,
  "metrics": {
    "accuracy": 0.9782082324455206,
    "f1_macro": 0.9782434612512192,
    "f1_weighted": 0.9782434612512191,
    "f1_per_class": {
      "Insufficient_Weight": 0.9833333333333333,
      "Normal_Weight": 0.9473684210526315,
      "Obesity_Type_I": 1.0,
      "Obesity_Type_II": 1.0,
      "Obesity_Type_III": 1.0,
      "Overweight_Level_I": 0.943089430894309,
      "Overweight_Level_II": 0.9739130434782609
    }
  },
  "training_history": {
    "final_train_loss": 0.039870135486125946,
    "final_val_loss": 0.09133735299110413,
    "final_train_accuracy": 0.9860774874687195,
    "final_val_accuracy": 0.9782082438468933
  }
}