{
  "timestamp": "2026-06-10T04:16:42.177141",
  "model_type": "1D CNN Classifier",
  "task": "obesity level classification",
  "test_size": 0.2,
  "final_epoch": 63,
  "metrics": {
    "accuracy": 0.9830508474576272,
    "f1_macro": 0.9829760616841956,
    "f1_weighted": 0.9829760616841956,
    "f1_per_class": {
      "Insufficient_Weight": 0.9833333333333333,
      "Normal_Weight": 0.9473684210526315,
      "Obesity_Type_I": 1.0,
      "Obesity_Type_II": 1.0,
      "Obesity_Type_III": 1.0,
      "Overweight_Level_I": 0.9586776859504132,
      "Overweight_Level_II": 0.9914529914529915
    }
  },
  "training_history": {
    "final_train_loss": 0.03907129913568497,
    "final_val_loss": 0.06883610039949417,
    "final_train_accuracy": 0.9854721426963806,
    "final_val_accuracy": 0.9854721426963806
  }
}