{
  "timestamp": "2026-06-27T03:59:38.222159",
  "model_type": "1D CNN Classifier",
  "task": "obesity level classification",
  "test_size": 0.2,
  "final_epoch": 51,
  "metrics": {
    "accuracy": 0.9806295399515739,
    "f1_macro": 0.9804843409026837,
    "f1_weighted": 0.9804843409026835,
    "f1_per_class": {
      "Insufficient_Weight": 0.9752066115702479,
      "Normal_Weight": 0.9380530973451328,
      "Obesity_Type_I": 1.0,
      "Obesity_Type_II": 1.0,
      "Obesity_Type_III": 1.0,
      "Overweight_Level_I": 0.9586776859504132,
      "Overweight_Level_II": 0.9914529914529915
    }
  },
  "training_history": {
    "final_train_loss": 0.0711740255355835,
    "final_val_loss": 0.09040746837854385,
    "final_train_accuracy": 0.9733656048774719,
    "final_val_accuracy": 0.9757869243621826
  }
}