{
  "timestamp": "2026-06-02T16:46:13.447528",
  "model_type": "1D CNN Classifier",
  "task": "obesity level classification",
  "test_size": 0.2,
  "final_epoch": 49,
  "metrics": {
    "accuracy": 0.9806295399515739,
    "f1_macro": 0.9805390330118798,
    "f1_weighted": 0.98053903301188,
    "f1_per_class": {
      "Insufficient_Weight": 0.9752066115702479,
      "Normal_Weight": 0.9391304347826087,
      "Obesity_Type_I": 1.0,
      "Obesity_Type_II": 1.0,
      "Obesity_Type_III": 1.0,
      "Overweight_Level_I": 0.957983193277311,
      "Overweight_Level_II": 0.9914529914529915
    }
  },
  "training_history": {
    "final_train_loss": 0.06108197942376137,
    "final_val_loss": 0.06563925743103027,
    "final_train_accuracy": 0.9782082438468933,
    "final_val_accuracy": 0.980629563331604
  }
}