{
  "timestamp": "2026-06-24T04:06:28.373467",
  "model_type": "1D CNN Classifier",
  "task": "obesity level classification",
  "test_size": 0.2,
  "final_epoch": 63,
  "metrics": {
    "accuracy": 0.9757869249394673,
    "f1_macro": 0.9755682354185546,
    "f1_weighted": 0.9755682354185545,
    "f1_per_class": {
      "Insufficient_Weight": 0.9752066115702479,
      "Normal_Weight": 0.9285714285714286,
      "Obesity_Type_I": 1.0,
      "Obesity_Type_II": 1.0,
      "Obesity_Type_III": 1.0,
      "Overweight_Level_I": 0.9421487603305785,
      "Overweight_Level_II": 0.9830508474576272
    }
  },
  "training_history": {
    "final_train_loss": 0.0661042258143425,
    "final_val_loss": 0.07193619012832642,
    "final_train_accuracy": 0.9763922691345215,
    "final_val_accuracy": 0.980629563331604
  }
}