{
  "timestamp": "2026-06-10T15:53:03.029968",
  "model_type": "1D CNN Classifier",
  "task": "obesity level classification",
  "test_size": 0.2,
  "final_epoch": 61,
  "metrics": {
    "accuracy": 0.9903147699757869,
    "f1_macro": 0.9903140743476878,
    "f1_weighted": 0.9903140743476877,
    "f1_per_class": {
      "Insufficient_Weight": 0.9915966386554622,
      "Normal_Weight": 0.9743589743589743,
      "Obesity_Type_I": 1.0,
      "Obesity_Type_II": 1.0,
      "Obesity_Type_III": 1.0,
      "Overweight_Level_I": 0.9747899159663865,
      "Overweight_Level_II": 0.9914529914529915
    }
  },
  "training_history": {
    "final_train_loss": 0.0470271073281765,
    "final_val_loss": 0.06139424443244934,
    "final_train_accuracy": 0.981840193271637,
    "final_val_accuracy": 0.9878934621810913
  }
}