{
  "timestamp": "2026-06-18T04:42:12.379250",
  "model_type": "1D CNN Classifier",
  "task": "obesity level classification",
  "test_size": 0.2,
  "final_epoch": 45,
  "metrics": {
    "accuracy": 0.9830508474576272,
    "f1_macro": 0.9830036540058648,
    "f1_weighted": 0.9830036540058648,
    "f1_per_class": {
      "Insufficient_Weight": 0.9833333333333333,
      "Normal_Weight": 0.9565217391304348,
      "Obesity_Type_I": 0.9914529914529915,
      "Obesity_Type_II": 1.0,
      "Obesity_Type_III": 1.0,
      "Overweight_Level_I": 0.9666666666666667,
      "Overweight_Level_II": 0.9830508474576272
    }
  },
  "training_history": {
    "final_train_loss": 0.057171162217855453,
    "final_val_loss": 0.0763782262802124,
    "final_train_accuracy": 0.9842615127563477,
    "final_val_accuracy": 0.980629563331604
  }
}