{
  "timestamp": "2026-05-31T12:39:40.303656",
  "model_type": "1D CNN Classifier",
  "task": "obesity level classification",
  "test_size": 0.2,
  "final_epoch": 71,
  "metrics": {
    "accuracy": 0.9801980198019802,
    "f1_macro": 0.9799685007976555,
    "f1_weighted": 0.9800463463097084,
    "f1_per_class": {
      "Insufficient_Weight": 0.9743589743589743,
      "Normal_Weight": 0.9541284403669725,
      "Obesity_Type_I": 0.9747899159663865,
      "Obesity_Type_II": 1.0,
      "Obesity_Type_III": 1.0,
      "Overweight_Level_I": 0.9830508474576272,
      "Overweight_Level_II": 0.9734513274336283
    }
  },
  "training_history": {
    "final_train_loss": 0.08775598555803299,
    "final_val_loss": 0.05786384269595146,
    "final_train_accuracy": 0.9677419066429138,
    "final_val_accuracy": 0.9777227640151978
  }
}