{
  "timestamp": "2026-05-31T12:22:52.855404",
  "model_type": "1D CNN Classifier",
  "task": "obesity level classification",
  "test_size": 0.2,
  "final_epoch": 57,
  "metrics": {
    "accuracy": 0.9827586206896551,
    "f1_macro": 0.9826316084138362,
    "f1_weighted": 0.9826830952483708,
    "f1_per_class": {
      "Insufficient_Weight": 0.98989898989899,
      "Normal_Weight": 0.9574468085106383,
      "Obesity_Type_I": 0.98989898989899,
      "Obesity_Type_II": 1.0,
      "Obesity_Type_III": 1.0,
      "Overweight_Level_I": 0.9607843137254902,
      "Overweight_Level_II": 0.9803921568627451
    }
  },
  "training_history": {
    "final_train_loss": 0.06340466439723969,
    "final_val_loss": 0.06806275993585587,
    "final_train_accuracy": 0.9819884896278381,
    "final_val_accuracy": 0.9712643623352051
  }
}