{
  "timestamp": "2026-06-02T04:42:11.446034",
  "model_type": "1D CNN Classifier",
  "task": "obesity level classification",
  "test_size": 0.2,
  "final_epoch": 51,
  "metrics": {
    "accuracy": 0.9782082324455206,
    "f1_macro": 0.9780058114552889,
    "f1_weighted": 0.9780058114552889,
    "f1_per_class": {
      "Insufficient_Weight": 0.959349593495935,
      "Normal_Weight": 0.9285714285714286,
      "Obesity_Type_I": 1.0,
      "Obesity_Type_II": 1.0,
      "Obesity_Type_III": 1.0,
      "Overweight_Level_I": 0.9666666666666667,
      "Overweight_Level_II": 0.9914529914529915
    }
  },
  "training_history": {
    "final_train_loss": 0.07164833694696426,
    "final_val_loss": 0.071780264377594,
    "final_train_accuracy": 0.9763922691345215,
    "final_val_accuracy": 0.980629563331604
  }
}