{
  "timestamp": "2026-06-14T14:19:14.976499",
  "model_type": "1D CNN Classifier",
  "task": "obesity level classification",
  "test_size": 0.2,
  "final_epoch": 54,
  "metrics": {
    "accuracy": 0.9830508474576272,
    "f1_macro": 0.9829563843917911,
    "f1_weighted": 0.982956384391791,
    "f1_per_class": {
      "Insufficient_Weight": 0.9752066115702479,
      "Normal_Weight": 0.9473684210526315,
      "Obesity_Type_I": 1.0,
      "Obesity_Type_II": 1.0,
      "Obesity_Type_III": 1.0,
      "Overweight_Level_I": 0.9666666666666667,
      "Overweight_Level_II": 0.9914529914529915
    }
  },
  "training_history": {
    "final_train_loss": 0.05713009834289551,
    "final_val_loss": 0.07073039561510086,
    "final_train_accuracy": 0.9812348484992981,
    "final_val_accuracy": 0.980629563331604
  }
}