{
  "timestamp": "2026-06-19T15:33:13.576341",
  "model_type": "1D CNN Classifier",
  "task": "obesity level classification",
  "test_size": 0.2,
  "final_epoch": 58,
  "metrics": {
    "accuracy": 0.9854721549636803,
    "f1_macro": 0.985424961511918,
    "f1_weighted": 0.9854249615119182,
    "f1_per_class": {
      "Insufficient_Weight": 0.9833333333333333,
      "Normal_Weight": 0.9565217391304348,
      "Obesity_Type_I": 1.0,
      "Obesity_Type_II": 1.0,
      "Obesity_Type_III": 1.0,
      "Overweight_Level_I": 0.9666666666666667,
      "Overweight_Level_II": 0.9914529914529915
    }
  },
  "training_history": {
    "final_train_loss": 0.04462209716439247,
    "final_val_loss": 0.05727919563651085,
    "final_train_accuracy": 0.9854721426963806,
    "final_val_accuracy": 0.980629563331604
  }
}