{
  "timestamp": "2026-06-03T04:50:43.649975",
  "model_type": "1D CNN Classifier",
  "task": "obesity level classification",
  "test_size": 0.2,
  "final_epoch": 47,
  "metrics": {
    "accuracy": 0.9782082324455206,
    "f1_macro": 0.9779878886755616,
    "f1_weighted": 0.9779878886755616,
    "f1_per_class": {
      "Insufficient_Weight": 0.9672131147540983,
      "Normal_Weight": 0.9285714285714286,
      "Obesity_Type_I": 1.0,
      "Obesity_Type_II": 1.0,
      "Obesity_Type_III": 1.0,
      "Overweight_Level_I": 0.9586776859504132,
      "Overweight_Level_II": 0.9914529914529915
    }
  },
  "training_history": {
    "final_train_loss": 0.06815686076879501,
    "final_val_loss": 0.07080819457769394,
    "final_train_accuracy": 0.9788135886192322,
    "final_val_accuracy": 0.9709442853927612
  }
}