{
  "timestamp": "2026-06-09T04:05:21.802417",
  "model_type": "1D CNN Classifier",
  "task": "obesity level classification",
  "test_size": 0.2,
  "final_epoch": 51,
  "metrics": {
    "accuracy": 0.9806295399515739,
    "f1_macro": 0.9805707834670023,
    "f1_weighted": 0.9805707834670023,
    "f1_per_class": {
      "Insufficient_Weight": 0.9752066115702479,
      "Normal_Weight": 0.9557522123893806,
      "Obesity_Type_I": 1.0,
      "Obesity_Type_II": 1.0,
      "Obesity_Type_III": 1.0,
      "Overweight_Level_I": 0.9586776859504132,
      "Overweight_Level_II": 0.9743589743589743
    }
  },
  "training_history": {
    "final_train_loss": 0.0638500303030014,
    "final_val_loss": 0.06392202526330948,
    "final_train_accuracy": 0.9763922691345215,
    "final_val_accuracy": 0.9733656048774719
  }
}