{
  "timestamp": "2026-06-20T14:17:18.802069",
  "model_type": "1D CNN Classifier",
  "task": "obesity level classification",
  "test_size": 0.2,
  "final_epoch": 51,
  "metrics": {
    "accuracy": 0.9830508474576272,
    "f1_macro": 0.9830053085724941,
    "f1_weighted": 0.9830053085724942,
    "f1_per_class": {
      "Insufficient_Weight": 0.9752066115702479,
      "Normal_Weight": 0.9482758620689655,
      "Obesity_Type_I": 1.0,
      "Obesity_Type_II": 1.0,
      "Obesity_Type_III": 1.0,
      "Overweight_Level_I": 0.9661016949152542,
      "Overweight_Level_II": 0.9914529914529915
    }
  },
  "training_history": {
    "final_train_loss": 0.052846722304821014,
    "final_val_loss": 0.07111536711454391,
    "final_train_accuracy": 0.9788135886192322,
    "final_val_accuracy": 0.9782082438468933
  }
}