{
  "timestamp": "2026-06-22T05:04:35.328508",
  "model_type": "1D CNN Classifier",
  "task": "obesity level classification",
  "test_size": 0.2,
  "final_epoch": 55,
  "metrics": {
    "accuracy": 0.9757869249394673,
    "f1_macro": 0.9754855985454656,
    "f1_weighted": 0.9754855985454655,
    "f1_per_class": {
      "Insufficient_Weight": 0.959349593495935,
      "Normal_Weight": 0.918918918918919,
      "Obesity_Type_I": 1.0,
      "Obesity_Type_II": 1.0,
      "Obesity_Type_III": 1.0,
      "Overweight_Level_I": 0.9586776859504132,
      "Overweight_Level_II": 0.9914529914529915
    }
  },
  "training_history": {
    "final_train_loss": 0.06453847140073776,
    "final_val_loss": 0.08206085115671158,
    "final_train_accuracy": 0.9788135886192322,
    "final_val_accuracy": 0.9733656048774719
  }
}