{
  "timestamp": "2026-05-31T12:31:19.353784",
  "model_type": "1D CNN Classifier",
  "task": "obesity level classification",
  "test_size": 0.2,
  "final_epoch": 51,
  "metrics": {
    "accuracy": 0.9654255319148937,
    "f1_macro": 0.9650429475548175,
    "f1_weighted": 0.9651939145580513,
    "f1_per_class": {
      "Insufficient_Weight": 0.954954954954955,
      "Normal_Weight": 0.9183673469387755,
      "Obesity_Type_I": 0.9906542056074766,
      "Obesity_Type_II": 1.0,
      "Obesity_Type_III": 1.0,
      "Overweight_Level_I": 0.9380530973451328,
      "Overweight_Level_II": 0.9532710280373832
    }
  },
  "training_history": {
    "final_train_loss": 0.07484031468629837,
    "final_val_loss": 0.11383569985628128,
    "final_train_accuracy": 0.968666672706604,
    "final_val_accuracy": 0.960106372833252
  }
}