{
  "timestamp": "2026-06-05T04:19:27.009283",
  "model_type": "1D CNN Classifier",
  "task": "obesity level classification",
  "test_size": 0.2,
  "final_epoch": 71,
  "metrics": {
    "accuracy": 0.9782082324455206,
    "f1_macro": 0.9781565238632159,
    "f1_weighted": 0.978156523863216,
    "f1_per_class": {
      "Insufficient_Weight": 0.9752066115702479,
      "Normal_Weight": 0.9391304347826087,
      "Obesity_Type_I": 1.0,
      "Obesity_Type_II": 1.0,
      "Obesity_Type_III": 1.0,
      "Overweight_Level_I": 0.95,
      "Overweight_Level_II": 0.9827586206896551
    }
  },
  "training_history": {
    "final_train_loss": 0.04899276793003082,
    "final_val_loss": 0.06256835907697678,
    "final_train_accuracy": 0.9830508232116699,
    "final_val_accuracy": 0.9782082438468933
  }
}