{
    "train_loss": 0.05967888981103897,
    "val_loss": 0.10825042426586151,
    "train_accuracy": 0.9784226417541504,
    "val_accuracy": 0.9642857313156128,
    "step": 41
}
